{
  "dataset_name": "chestmnist",
  "adaptation_method": "linear_probe",
  "run_name": "dinov3_large_224",
  "model_name": "facebook/dinov3-vitl16-pretrain-lvd1689m",
  "image_size": 224,
  "batch_size": 16,
  "probe_batch_size": 512,
  "data_fraction": 1.0,
  "dataset_seed": 0,
  "normalize_features": true,
  "total_params": 303143950,
  "trainable_params": 14350,
  "trainable_param_fraction": 4.7337246875618e-05,
  "peak_gpu_memory_mb": 1333.44580078125,
  "head_train_grid_seconds": 1341.5111454448197,
  "val_eval_grid_seconds": 338.17810005601496,
  "threshold_search_grid_seconds": 383.5524814662058,
  "total_runtime_seconds": 2063.2417269670404,
  "selection_metric": "f1_macro",
  "num_train_trials": 16,
  "num_epoch_checkpoints": 18,
  "num_thresholds": 12,
  "num_total_metric_rows": 3456,
  "checkpoint_epochs": [
    1,
    2,
    3,
    4,
    5,
    7,
    10,
    15,
    20,
    25,
    30,
    40,
    50,
    60,
    70,
    80,
    90,
    100
  ],
  "backbone_total_params": 303129600,
  "head_total_params": 14350,
  "head_trainable_params": 14350,
  "selected_trial_id": "train_trial_014_epoch_070",
  "selected_train_trial_id": "train_trial_014",
  "selected_epoch": 70,
  "selected_epochs": 70,
  "selected_lr": 0.003,
  "selected_weight_decay": 0.0001,
  "selected_threshold": 0.1,
  "selected_metric_value": 0.16739625443505463,
  "data_load_seconds": 0.800648660864681,
  "model_load_seconds": 0.8152293940074742,
  "feature_extraction_seconds": 1413.6940416197758,
  "train_feature_seconds": 1234.9448449539486,
  "val_feature_seconds": 178.74919666582718,
  "adaptation_seconds": 1341.5111454448197,
  "inference_or_eval_seconds": 338.17810005601496,
  "threshold_search_seconds": 383.5524814662058,
  "efficiency_counted_seconds": 3476.9357685868163,
  "actual_wall_seconds": 4629.586975246901,
  "feature_dim": 1024,
  "train_samples": 78468,
  "val_samples": 11219,
  "feature_storage_mb": 350.33984375,
  "feature_peak_gpu_memory_mb": 1333.44580078125,
  "shortcut_used": false
}