{
  "dataset_name": "chestmnist",
  "adaptation_method": "linear_probe",
  "run_name": "stanford_dinov2_xray_224",
  "model_name": "StanfordAIMI/dinov2-base-xray-224",
  "image_size": 224,
  "batch_size": 16,
  "probe_batch_size": 512,
  "data_fraction": 1.0,
  "dataset_seed": 0,
  "normalize_features": true,
  "total_params": 85736462,
  "trainable_params": 10766,
  "trainable_param_fraction": 0.00012557084522568705,
  "peak_gpu_memory_mb": 533.20703125,
  "head_train_grid_seconds": 1309.7172299574595,
  "val_eval_grid_seconds": 326.32994869933464,
  "threshold_search_grid_seconds": 386.4868911195081,
  "total_runtime_seconds": 2022.5340697763022,
  "selection_metric": "f1_macro",
  "num_train_trials": 16,
  "num_epoch_checkpoints": 18,
  "num_thresholds": 12,
  "num_total_metric_rows": 3456,
  "checkpoint_epochs": [
    1,
    2,
    3,
    4,
    5,
    7,
    10,
    15,
    20,
    25,
    30,
    40,
    50,
    60,
    70,
    80,
    90,
    100
  ],
  "backbone_total_params": 85725696,
  "head_total_params": 10766,
  "head_trainable_params": 10766,
  "selected_trial_id": "train_trial_013_epoch_100",
  "selected_train_trial_id": "train_trial_013",
  "selected_epoch": 100,
  "selected_epochs": 100,
  "selected_lr": 0.003,
  "selected_weight_decay": 1e-05,
  "selected_threshold": 0.1,
  "selected_metric_value": 0.23186500674164603,
  "data_load_seconds": 2.881513484986499,
  "model_load_seconds": 0.6802584179677069,
  "feature_extraction_seconds": 542.7255086209625,
  "train_feature_seconds": 474.51350881694816,
  "val_feature_seconds": 68.21199980401434,
  "adaptation_seconds": 1309.7172299574595,
  "inference_or_eval_seconds": 326.32994869933464,
  "threshold_search_seconds": 386.4868911195081,
  "efficiency_counted_seconds": 2565.2595783972647,
  "actual_wall_seconds": 3730.8245540419593,
  "feature_dim": 768,
  "train_samples": 78468,
  "val_samples": 11219,
  "feature_storage_mb": 262.7548828125,
  "feature_peak_gpu_memory_mb": 533.20703125,
  "shortcut_used": false
}