{
  "dataset_name": "chestmnist",
  "adaptation_method": "linear_probe",
  "run_name": "rad_dino_518",
  "model_name": "microsoft/rad-dino",
  "image_size": 518,
  "batch_size": 8,
  "probe_batch_size": 512,
  "data_fraction": 1.0,
  "dataset_seed": 0,
  "normalize_features": true,
  "total_params": 86591246,
  "trainable_params": 10766,
  "trainable_param_fraction": 0.0001243312747803629,
  "peak_gpu_memory_mb": 852.99658203125,
  "head_train_grid_seconds": 1312.3735506110825,
  "val_eval_grid_seconds": 327.675738687627,
  "threshold_search_grid_seconds": 383.831073140027,
  "total_runtime_seconds": 2023.8803624387365,
  "selection_metric": "f1_macro",
  "num_train_trials": 16,
  "num_epoch_checkpoints": 18,
  "num_thresholds": 12,
  "num_total_metric_rows": 3456,
  "checkpoint_epochs": [
    1,
    2,
    3,
    4,
    5,
    7,
    10,
    15,
    20,
    25,
    30,
    40,
    50,
    60,
    70,
    80,
    90,
    100
  ],
  "backbone_total_params": 86580480,
  "head_total_params": 10766,
  "head_trainable_params": 10766,
  "selected_trial_id": "train_trial_014_epoch_090",
  "selected_train_trial_id": "train_trial_014",
  "selected_epoch": 90,
  "selected_epochs": 90,
  "selected_lr": 0.003,
  "selected_weight_decay": 0.0001,
  "selected_threshold": 0.1,
  "selected_metric_value": 0.21636613198751223,
  "data_load_seconds": 0.7795088239945471,
  "model_load_seconds": 0.9469838349614292,
  "feature_extraction_seconds": 3555.3534081028774,
  "train_feature_seconds": 3110.404115634039,
  "val_feature_seconds": 444.9492924688384,
  "adaptation_seconds": 1312.3735506110825,
  "inference_or_eval_seconds": 327.675738687627,
  "threshold_search_seconds": 383.831073140027,
  "efficiency_counted_seconds": 5579.233770541614,
  "actual_wall_seconds": 6742.3956175220665,
  "feature_dim": 768,
  "train_samples": 78468,
  "val_samples": 11219,
  "feature_storage_mb": 262.7548828125,
  "feature_peak_gpu_memory_mb": 852.99658203125,
  "shortcut_used": false
}