{
  "dataset_name": "chestmnist",
  "adaptation_method": "linear_probe",
  "run_name": "dinov2_large_224",
  "model_name": "facebook/dinov2-large",
  "image_size": 224,
  "batch_size": 16,
  "probe_batch_size": 512,
  "data_fraction": 1.0,
  "dataset_seed": 0,
  "normalize_features": true,
  "total_params": 304382990,
  "trainable_params": 14350,
  "trainable_param_fraction": 4.7144552985697395e-05,
  "peak_gpu_memory_mb": 1427.51171875,
  "head_train_grid_seconds": 1337.4383344985545,
  "val_eval_grid_seconds": 334.6893484375905,
  "threshold_search_grid_seconds": 382.9040812116582,
  "total_runtime_seconds": 2055.031764147803,
  "selection_metric": "f1_macro",
  "num_train_trials": 16,
  "num_epoch_checkpoints": 18,
  "num_thresholds": 12,
  "num_total_metric_rows": 3456,
  "checkpoint_epochs": [
    1,
    2,
    3,
    4,
    5,
    7,
    10,
    15,
    20,
    25,
    30,
    40,
    50,
    60,
    70,
    80,
    90,
    100
  ],
  "backbone_total_params": 304368640,
  "head_total_params": 14350,
  "head_trainable_params": 14350,
  "selected_trial_id": "train_trial_015_epoch_100",
  "selected_train_trial_id": "train_trial_015",
  "selected_epoch": 100,
  "selected_epochs": 100,
  "selected_lr": 0.003,
  "selected_weight_decay": 0.001,
  "selected_threshold": 0.07,
  "selected_metric_value": 0.161204239766122,
  "data_load_seconds": 0.7927381419576705,
  "model_load_seconds": 0.7845207448117435,
  "feature_extraction_seconds": 1879.0423238701187,
  "train_feature_seconds": 1663.8668068889529,
  "val_feature_seconds": 215.17551698116586,
  "adaptation_seconds": 1337.4383344985545,
  "inference_or_eval_seconds": 334.6893484375905,
  "threshold_search_seconds": 382.9040812116582,
  "efficiency_counted_seconds": 3934.074088017922,
  "actual_wall_seconds": 5088.12329205405,
  "feature_dim": 1024,
  "train_samples": 78468,
  "val_samples": 11219,
  "feature_storage_mb": 350.33984375,
  "feature_peak_gpu_memory_mb": 1427.51171875,
  "shortcut_used": false
}