{
  "dataset_name": "chestmnist",
  "adaptation_method": "linear_probe",
  "run_name": "dinov2_small_224",
  "model_name": "facebook/dinov2-small",
  "image_size": 224,
  "batch_size": 32,
  "probe_batch_size": 512,
  "data_fraction": 1.0,
  "dataset_seed": 0,
  "normalize_features": true,
  "total_params": 22061966,
  "trainable_params": 5390,
  "trainable_param_fraction": 0.0002443118623245091,
  "peak_gpu_memory_mb": 291.38916015625,
  "head_train_grid_seconds": 1420.507912431145,
  "val_eval_grid_seconds": 343.94853222509846,
  "threshold_search_grid_seconds": 389.4164808331989,
  "total_runtime_seconds": 2153.8729254894424,
  "selection_metric": "f1_macro",
  "num_train_trials": 16,
  "num_epoch_checkpoints": 18,
  "num_thresholds": 12,
  "num_total_metric_rows": 3456,
  "checkpoint_epochs": [
    1,
    2,
    3,
    4,
    5,
    7,
    10,
    15,
    20,
    25,
    30,
    40,
    50,
    60,
    70,
    80,
    90,
    100
  ],
  "backbone_total_params": 22056576,
  "head_total_params": 5390,
  "head_trainable_params": 5390,
  "selected_trial_id": "train_trial_012_epoch_100",
  "selected_train_trial_id": "train_trial_012",
  "selected_epoch": 100,
  "selected_epochs": 100,
  "selected_lr": 0.003,
  "selected_weight_decay": 0.0,
  "selected_threshold": 0.1,
  "selected_metric_value": 0.15570751336405128,
  "data_load_seconds": 0.8143646519165486,
  "model_load_seconds": 0.8184803850017488,
  "feature_extraction_seconds": 256.0110248699784,
  "train_feature_seconds": 223.74733477807604,
  "val_feature_seconds": 32.26369009190239,
  "adaptation_seconds": 1420.507912431145,
  "inference_or_eval_seconds": 343.94853222509846,
  "threshold_search_seconds": 389.4164808331989,
  "efficiency_counted_seconds": 2409.883950359421,
  "actual_wall_seconds": 3597.922647693893,
  "feature_dim": 384,
  "train_samples": 78468,
  "val_samples": 11219,
  "feature_storage_mb": 131.37744140625,
  "feature_peak_gpu_memory_mb": 291.38916015625,
  "shortcut_used": false
}